Workbook

Sheet By_Suburb
A1: Postcode | B1: Suburb | C1: Category | D1: Count | E1: Building complexes
A2: 2000 | B2: Haymarket | C2: Culture & tourism | D2: =COUNTIFS(Detail!$A$2:$A$8524,A2,Detail!$B$2:$B$8524,B2,Detail!$C$2:$C$8524,C2) -> 1 | E2: Haymarket Visitor Information Kiosk
A3: 2000 | B3: Haymarket | C3: Government & civic | D3: =COUNTIFS(Detail!$A$2:$A$8524,A3,Detail!$B$2:$B$8524,B3,Detail!$C$2:$C$8524,C3) -> 1 | E3: Haymarket Post Office
A4: 2000 | B4: Haymarket | C4: Utilities & infrastructure | D4: =COUNTIFS(Detail!$A$2:$A$8524,A4,Detail!$B$2:$B$8524,B4,Detail!$C$2:$C$8524,C4) -> 1 | E4: Haymarket Bulk Supply Point
A5: 2000 | B5: The Rocks | C5: Accommodation & caravan parks | D5: =COUNTIFS(Detail!$A$2:$A$8524,A5,Detail!$B$2:$B$8524,B5,Detail!$C$2:$C$8524,C5) -> 1 | E5: The Rocks Village
A6: 2000 | B6: The Rocks | C6: Emergency services | D6: =COUNTIFS(Detail!$A$2:$A$8524,A6,Detail!$B$2:$B$8524,B6,Detail!$C$2:$C$8524,C6) -> 2 | E6: The Rocks Fire Station; The Rocks Police Station
A7: 2000 | B7: The Rocks | C7: Shopping & commercial | D7: =COUNTIFS(Detail!$A$2:$A$8524,A7,Detail!$B$2:$B$8524,B7,Detail!$C$2:$C$8524,C7) -> 1 | E7: The Rocks Shopping Fair
A8: 2007 | B8: Ultimo | C8: Clubs & community halls | D8: =COUNTIFS(Detail!$A$2:$A$8524,A8,Detail!$B$2:$B$8524,B8,Detail!$C$2:$C$8524,C8) -> 2 | E8: Ultimo Community Centre; Ultimo Lodge
A9: 2007 | B9: Ultimo | C9: Education | D9: =COUNTIFS(Detail!$A$2:$A$8524,A9,Detail!$B$2:$B$8524,B9,Detail!$C$2:$C$8524,C9) -> 5 | E9: Ultimo Public School; Ultimo Tafe College; Ultimo Tafe College; Ultimo Tafe College; Ultimo Tafe College
A10: 2007 | B10: Ultimo | C10: Government & civic | D10: =COUNTIFS(Detail!$A$2:$A$8524,A10,Detail!$B$2:$B$8524,B10,Detail!$C$2:$C$8524,C10) -> 1 | E10: Ultimo Library
A11: 2008 | B11: Broadway | C11: Culture & tourism | D11: =COUNTIFS(Detail!$A$2:$A$8524,A11,Detail!$B$2:$B$8524,B11,Detail!$C$2:$C$8524,C11) -> 1 | E11: Broadway Museum
A12: 2008 | B12: Broadway | C12: Government & civic | D12: =COUNTIFS(Detail!$A$2:$A$8524,A12,Detail!$B$2:$B$8524,B12,Detail!$C$2:$C$8524,C12) -> 1 | E12: Broadway Post Office
A13: 2008 | B13: Broadway | C13: Shopping & commercial | D13: =COUNTIFS(Detail!$A$2:$A$8524,A13,Detail!$B$2:$B$8524,B13,Detail!$C$2:$C$8524,C13) -> 1 | E13: Broadway Shopping Centre
... A4109: 3644 | B4109: Barooga | C4109: Utilities & infrastructure | D4109: =COUNTIFS(Detail!$A$2:$A$8524,A4109,Detail!$B$2:$B$8524,B4109,Detail!$C$2:$C$8524,C4109) -> 3 | E4109: Barooga Sewerage Treatment Plant; Barooga Station; Barooga Water Treatment Station

Sheet Suburb_x_Category
A1: Postcode | B1: Suburb | C1: Education | D1: Government & civic | E1: Emergency services | F1: Sport & recreation | G1: Clubs & community halls | H1: Utilities & infrastructure | I1: Health & aged care | J1: Other | K1: Accommodation & caravan parks | L1: Culture & tourism | M1: Religious | N1: Shopping & commercial | O1: Total
A2: 2000 | B2: Haymarket | C2: =COUNTIFS(Detail!$A$2:$A$8524,$A2,Detail!$B$2:$B$8524,$B2,Detail!$C$2:$C$8524,C$1) -> 0 | D2: =COUNTIFS(Detail!$A$2:$A$8524,$A2,Detail!$B$2:$B$8524,$B2,Detail!$C$2:$C$8524,D$1) -> 1 | E2: =COUNTIFS(Detail!$A$2:$A$8524,$A2,Detail!$B$2:$B$8524,$B2,Detail!$C$2:$C$8524,E$1) -> 0 | F2: =COUNTIFS(Detail!$A$2:$A$8524,$A2,Detail!$B$2:$B$8524,$B2,Detail!$C$2:$C$8524,F$1) -> 0 | G2: =COUNTIFS(Detail!$A$2:$A$8524,$A2,Detail!$B$2:$B$8524,$B2,Detail!$C$2:$C$8524,G$1) -> 0 | H2: =COUNTIFS(Detail!$A$2:$A$8524,$A2,Detail!$B$2:$B$8524,$B2,Detail!$C$2:$C$8524,H$1) -> 1 | I2: =COUNTIFS(Detail!$A$2:$A$8524,$A2,Detail!$B$2:$B$8524,$B2,Detail!$C$2:$C$8524,I$1) -> 0 | J2: =COUNTIFS(Detail!$A$2:$A$8524,$A2,Detail!$B$2:$B$8524,$B2,Detail!$C$2:$C$8524,J$1) -> 0 | ... N2: =COUNTIFS(Detail!$A$2:$A$8524,$A2,Detail!$B$2:$B$8524,$B2,Detail!$C$2:$C$8524,N$1) -> 0 | O2: =SUM(C2:N2) -> 3
A3: 2000 | B3: The Rocks | C3: =COUNTIFS(Detail!$A$2:$A$8524,$A3,Detail!$B$2:$B$8524,$B3,Detail!$C$2:$C$8524,C$1) -> 0 | D3: =COUNTIFS(Detail!$A$2:$A$8524,$A3,Detail!$B$2:$B$8524,$B3,Detail!$C$2:$C$8524,D$1) -> 0 | E3: =COUNTIFS(Detail!$A$2:$A$8524,$A3,Detail!$B$2:$B$8524,$B3,Detail!$C$2:$C$8524,E$1) -> 2 | F3: =COUNTIFS(Detail!$A$2:$A$8524,$A3,Detail!$B$2:$B$8524,$B3,Detail!$C$2:$C$8524,F$1) -> 0 | G3: =COUNTIFS(Detail!$A$2:$A$8524,$A3,Detail!$B$2:$B$8524,$B3,Detail!$C$2:$C$8524,G$1) -> 0 | H3: =COUNTIFS(Detail!$A$2:$A$8524,$A3,Detail!$B$2:$B$8524,$B3,Detail!$C$2:$C$8524,H$1) -> 0 | I3: =COUNTIFS(Detail!$A$2:$A$8524,$A3,Detail!$B$2:$B$8524,$B3,Detail!$C$2:$C$8524,I$1) -> 0 | J3: =COUNTIFS(Detail!$A$2:$A$8524,$A3,Detail!$B$2:$B$8524,$B3,Detail!$C$2:$C$8524,J$1) -> 0 | ... N3: =COUNTIFS(Detail!$A$2:$A$8524,$A3,Detail!$B$2:$B$8524,$B3,Detail!$C$2:$C$8524,N$1) -> 1 | O3: =SUM(C3:N3) -> 4
A4: 2007 | B4: Ultimo | C4: =COUNTIFS(Detail!$A$2:$A$8524,$A4,Detail!$B$2:$B$8524,$B4,Detail!$C$2:$C$8524,C$1) -> 5 | D4: =COUNTIFS(Detail!$A$2:$A$8524,$A4,Detail!$B$2:$B$8524,$B4,Detail!$C$2:$C$8524,D$1) -> 1 | E4: =COUNTIFS(Detail!$A$2:$A$8524,$A4,Detail!$B$2:$B$8524,$B4,Detail!$C$2:$C$8524,E$1) -> 0 | F4: =COUNTIFS(Detail!$A$2:$A$8524,$A4,Detail!$B$2:$B$8524,$B4,Detail!$C$2:$C$8524,F$1) -> 0 | G4: =COUNTIFS(Detail!$A$2:$A$8524,$A4,Detail!$B$2:$B$8524,$B4,Detail!$C$2:$C$8524,G$1) -> 2 | H4: =COUNTIFS(Detail!$A$2:$A$8524,$A4,Detail!$B$2:$B$8524,$B4,Detail!$C$2:$C$8524,H$1) -> 0 | I4: =COUNTIFS(Detail!$A$2:$A$8524,$A4,Detail!$B$2:$B$8524,$B4,Detail!$C$2:$C$8524,I$1) -> 0 | J4: =COUNTIFS(Detail!$A$2:$A$8524,$A4,Detail!$B$2:$B$8524,$B4,Detail!$C$2:$C$8524,J$1) -> 0 | ... N4: =COUNTIFS(Detail!$A$2:$A$8524,$A4,Detail!$B$2:$B$8524,$B4,Detail!$C$2:$C$8524,N$1) -> 0 | O4: =SUM(C4:N4) -> 8
A5: 2008 | B5: Broadway | C5: =COUNTIFS(Detail!$A$2:$A$8524,$A5,Detail!$B$2:$B$8524,$B5,Detail!$C$2:$C$8524,C$1) -> 0 | D5: =COUNTIFS(Detail!$A$2:$A$8524,$A5,Detail!$B$2:$B$8524,$B5,Detail!$C$2:$C$8524,D$1) -> 1 | E5: =COUNTIFS(Detail!$A$2:$A$8524,$A5,Detail!$B$2:$B$8524,$B5,Detail!$C$2:$C$8524,E$1) -> 0 | F5: =COUNTIFS(Detail!$A$2:$A$8524,$A5,Detail!$B$2:$B$8524,$B5,Detail!$C$2:$C$8524,F$1) -> 0 | G5: =COUNTIFS(Detail!$A$2:$A$8524,$A5,Detail!$B$2:$B$8524,$B5,Detail!$C$2:$C$8524,G$1) -> 0 | H5: =COUNTIFS(Detail!$A$2:$A$8524,$A5,Detail!$B$2:$B$8524,$B5,Detail!$C$2:$C$8524,H$1) -> 0 | I5: =COUNTIFS(Detail!$A$2:$A$8524,$A5,Detail!$B$2:$B$8524,$B5,Detail!$C$2:$C$8524,I$1) -> 0 | J5: =COUNTIFS(Detail!$A$2:$A$8524,$A5,Detail!$B$2:$B$8524,$B5,Detail!$C$2:$C$8524,J$1) -> 0 | ... N5: =COUNTIFS(Detail!$A$2:$A$8524,$A5,Detail!$B$2:$B$8524,$B5,Detail!$C$2:$C$8524,N$1) -> 1 | O5: =SUM(C5:N5) -> 3
A6: 2009 | B6: Pyrmont | C6: =COUNTIFS(Detail!$A$2:$A$8524,$A6,Detail!$B$2:$B$8524,$B6,Detail!$C$2:$C$8524,C$1) -> 0 | D6: =COUNTIFS(Detail!$A$2:$A$8524,$A6,Detail!$B$2:$B$8524,$B6,Detail!$C$2:$C$8524,D$1) -> 1 | E6: =COUNTIFS(Detail!$A$2:$A$8524,$A6,Detail!$B$2:$B$8524,$B6,Detail!$C$2:$C$8524,E$1) -> 1 | F6: =COUNTIFS(Detail!$A$2:$A$8524,$A6,Detail!$B$2:$B$8524,$B6,Detail!$C$2:$C$8524,F$1) -> 0 | G6: =COUNTIFS(Detail!$A$2:$A$8524,$A6,Detail!$B$2:$B$8524,$B6,Detail!$C$2:$C$8524,G$1) -> 1 | H6: =COUNTIFS(Detail!$A$2:$A$8524,$A6,Detail!$B$2:$B$8524,$B6,Detail!$C$2:$C$8524,H$1) -> 1 | I6: =COUNTIFS(Detail!$A$2:$A$8524,$A6,Detail!$B$2:$B$8524,$B6,Detail!$C$2:$C$8524,I$1) -> 0 | J6: =COUNTIFS(Detail!$A$2:$A$8524,$A6,Detail!$B$2:$B$8524,$B6,Detail!$C$2:$C$8524,J$1) -> 0 | ... N6: =COUNTIFS(Detail!$A$2:$A$8524,$A6,Detail!$B$2:$B$8524,$B6,Detail!$C$2:$C$8524,N$1) -> 0 | O6: =SUM(C6:N6) -> 4
A7: 2010 | B7: Darlinghurst | C7: =COUNTIFS(Detail!$A$2:$A$8524,$A7,Detail!$B$2:$B$8524,$B7,Detail!$C$2:$C$8524,C$1) -> 1 | D7: =COUNTIFS(Detail!$A$2:$A$8524,$A7,Detail!$B$2:$B$8524,$B7,Detail!$C$2:$C$8524,D$1) -> 2 | E7: =COUNTIFS(Detail!$A$2:$A$8524,$A7,Detail!$B$2:$B$8524,$B7,Detail!$C$2:$C$8524,E$1) -> 1 | F7: =COUNTIFS(Detail!$A$2:$A$8524,$A7,Detail!$B$2:$B$8524,$B7,Detail!$C$2:$C$8524,F$1) -> 0 | G7: =COUNTIFS(Detail!$A$2:$A$8524,$A7,Detail!$B$2:$B$8524,$B7,Detail!$C$2:$C$8524,G$1) -> 0 | H7: =COUNTIFS(Detail!$A$2:$A$8524,$A7,Detail!$B$2:$B$8524,$B7,Detail!$C$2:$C$8524,H$1) -> 0 | I7: =COUNTIFS(Detail!$A$2:$A$8524,$A7,Detail!$B$2:$B$8524,$B7,Detail!$C$2:$C$8524,I$1) -> 0 | J7: =COUNTIFS(Detail!$A$2:$A$8524,$A7,Detail!$B$2:$B$8524,$B7,Detail!$C$2:$C$8524,J$1) -> 0 | ... N7: =COUNTIFS(Detail!$A$2:$A$8524,$A7,Detail!$B$2:$B$8524,$B7,Detail!$C$2:$C$8524,N$1) -> 0 | O7: =SUM(C7:N7) -> 4
A8: 2010 | B8: Surry Hills | C8: =COUNTIFS(Detail!$A$2:$A$8524,$A8,Detail!$B$2:$B$8524,$B8,Detail!$C$2:$C$8524,C$1) -> 1 | D8: =COUNTIFS(Detail!$A$2:$A$8524,$A8,Detail!$B$2:$B$8524,$B8,Detail!$C$2:$C$8524,D$1) -> 2 | E8: =COUNTIFS(Detail!$A$2:$A$8524,$A8,Detail!$B$2:$B$8524,$B8,Detail!$C$2:$C$8524,E$1) -> 1 | F8: =COUNTIFS(Detail!$A$2:$A$8524,$A8,Detail!$B$2:$B$8524,$B8,Detail!$C$2:$C$8524,F$1) -> 0 | G8: =COUNTIFS(Detail!$A$2:$A$8524,$A8,Detail!$B$2:$B$8524,$B8,Detail!$C$2:$C$8524,G$1) -> 1 | H8: =COUNTIFS(Detail!$A$2:$A$8524,$A8,Detail!$B$2:$B$8524,$B8,Detail!$C$2:$C$8524,H$1) -> 1 | I8: =COUNTIFS(Detail!$A$2:$A$8524,$A8,Detail!$B$2:$B$8524,$B8,Detail!$C$2:$C$8524,I$1) -> 0 | J8: =COUNTIFS(Detail!$A$2:$A$8524,$A8,Detail!$B$2:$B$8524,$B8,Detail!$C$2:$C$8524,J$1) -> 2 | ... N8: =COUNTIFS(Detail!$A$2:$A$8524,$A8,Detail!$B$2:$B$8524,$B8,Detail!$C$2:$C$8524,N$1) -> 0 | O8: =SUM(C8:N8) -> 8
A9: 2011 | B9: Potts Point | C9: =COUNTIFS(Detail!$A$2:$A$8524,$A9,Detail!$B$2:$B$8524,$B9,Detail!$C$2:$C$8524,C$1) -> 0 | D9: =COUNTIFS(Detail!$A$2:$A$8524,$A9,Detail!$B$2:$B$8524,$B9,Detail!$C$2:$C$8524,D$1) -> 1 | E9: =COUNTIFS(Detail!$A$2:$A$8524,$A9,Detail!$B$2:$B$8524,$B9,Detail!$C$2:$C$8524,E$1) -> 0 | F9: =COUNTIFS(Detail!$A$2:$A$8524,$A9,Detail!$B$2:$B$8524,$B9,Detail!$C$2:$C$8524,F$1) -> 0 | G9: =COUNTIFS(Detail!$A$2:$A$8524,$A9,Detail!$B$2:$B$8524,$B9,Detail!$C$2:$C$8524,G$1) -> 0 | H9: =COUNTIFS(Detail!$A$2:$A$8524,$A9,Detail!$B$2:$B$8524,$B9,Detail!$C$2:$C$8524,H$1) -> 0 | I9: =COUNTIFS(Detail!$A$2:$A$8524,$A9,Detail!$B$2:$B$8524,$B9,Detail!$C$2:$C$8524,I$1) -> 0 | J9: =COUNTIFS(Detail!$A$2:$A$8524,$A9,Detail!$B$2:$B$8524,$B9,Detail!$C$2:$C$8524,J$1) -> 0 | ... N9: =COUNTIFS(Detail!$A$2:$A$8524,$A9,Detail!$B$2:$B$8524,$B9,Detail!$C$2:$C$8524,N$1) -> 0 | O9: =SUM(C9:N9) -> 1
A10: 2011 | B10: Rushcutters Bay | C10: =COUNTIFS(Detail!$A$2:$A$8524,$A10,Detail!$B$2:$B$8524,$B10,Detail!$C$2:$C$8524,C$1) -> 0 | D10: =COUNTIFS(Detail!$A$2:$A$8524,$A10,Detail!$B$2:$B$8524,$B10,Detail!$C$2:$C$8524,D$1) -> 0 | E10: =COUNTIFS(Detail!$A$2:$A$8524,$A10,Detail!$B$2:$B$8524,$B10,Detail!$C$2:$C$8524,E$1) -> 0 | F10: =COUNTIFS(Detail!$A$2:$A$8524,$A10,Detail!$B$2:$B$8524,$B10,Detail!$C$2:$C$8524,F$1) -> 0 | G10: =COUNTIFS(Detail!$A$2:$A$8524,$A10,Detail!$B$2:$B$8524,$B10,Detail!$C$2:$C$8524,G$1) -> 1 | H10: =COUNTIFS(Detail!$A$2:$A$8524,$A10,Detail!$B$2:$B$8524,$B10,Detail!$C$2:$C$8524,H$1) -> 0 | I10: =COUNTIFS(Detail!$A$2:$A$8524,$A10,Detail!$B$2:$B$8524,$B10,Detail!$C$2:$C$8524,I$1) -> 0 | J10: =COUNTIFS(Detail!$A$2:$A$8524,$A10,Detail!$B$2:$B$8524,$B10,Detail!$C$2:$C$8524,J$1) -> 0 | ... N10: =COUNTIFS(Detail!$A$2:$A$8524,$A10,Detail!$B$2:$B$8524,$B10,Detail!$C$2:$C$8524,N$1) -> 0 | O10: =SUM(C10:N10) -> 1
A11: 2011 | B11: Woolloomooloo | C11: =COUNTIFS(Detail!$A$2:$A$8524,$A11,Detail!$B$2:$B$8524,$B11,Detail!$C$2:$C$8524,C$1) -> 0 | D11: =COUNTIFS(Detail!$A$2:$A$8524,$A11,Detail!$B$2:$B$8524,$B11,Detail!$C$2:$C$8524,D$1) -> 0 | E11: =COUNTIFS(Detail!$A$2:$A$8524,$A11,Detail!$B$2:$B$8524,$B11,Detail!$C$2:$C$8524,E$1) -> 1 | F11: =COUNTIFS(Detail!$A$2:$A$8524,$A11,Detail!$B$2:$B$8524,$B11,Detail!$C$2:$C$8524,F$1) -> 0 | G11: =COUNTIFS(Detail!$A$2:$A$8524,$A11,Detail!$B$2:$B$8524,$B11,Detail!$C$2:$C$8524,G$1) -> 1 | H11: =COUNTIFS(Detail!$A$2:$A$8524,$A11,Detail!$B$2:$B$8524,$B11,Detail!$C$2:$C$8524,H$1) -> 0 | I11: =COUNTIFS(Detail!$A$2:$A$8524,$A11,Detail!$B$2:$B$8524,$B11,Detail!$C$2:$C$8524,I$1) -> 0 | J11: =COUNTIFS(Detail!$A$2:$A$8524,$A11,Detail!$B$2:$B$8524,$B11,Detail!$C$2:$C$8524,J$1) -> 1 | ... N11: =COUNTIFS(Detail!$A$2:$A$8524,$A11,Detail!$B$2:$B$8524,$B11,Detail!$C$2:$C$8524,N$1) -> 0 | O11: =SUM(C11:N11) -> 3
A12: 2015 | B12: Alexandria | C12: =COUNTIFS(Detail!$A$2:$A$8524,$A12,Detail!$B$2:$B$8524,$B12,Detail!$C$2:$C$8524,C$1) -> 3 | D12: =COUNTIFS(Detail!$A$2:$A$8524,$A12,Detail!$B$2:$B$8524,$B12,Detail!$C$2:$C$8524,D$1) -> 3 | E12: =COUNTIFS(Detail!$A$2:$A$8524,$A12,Detail!$B$2:$B$8524,$B12,Detail!$C$2:$C$8524,E$1) -> 1 | F12: =COUNTIFS(Detail!$A$2:$A$8524,$A12,Detail!$B$2:$B$8524,$B12,Detail!$C$2:$C$8524,F$1) -> 2 | G12: =COUNTIFS(Detail!$A$2:$A$8524,$A12,Detail!$B$2:$B$8524,$B12,Detail!$C$2:$C$8524,G$1) -> 1 | H12: =COUNTIFS(Detail!$A$2:$A$8524,$A12,Detail!$B$2:$B$8524,$B12,Detail!$C$2:$C$8524,H$1) -> 1 | I12: =COUNTIFS(Detail!$A$2:$A$8524,$A12,Detail!$B$2:$B$8524,$B12,Detail!$C$2:$C$8524,I$1) -> 1 | J12: =COUNTIFS(Detail!$A$2:$A$8524,$A12,Detail!$B$2:$B$8524,$B12,Detail!$C$2:$C$8524,J$1) -> 1 | ... N12: =COUNTIFS(Detail!$A$2:$A$8524,$A12,Detail!$B$2:$B$8524,$B12,Detail!$C$2:$C$8524,N$1) -> 0 | O12: =SUM(C12:N12) -> 13
A13: 2015 | B13: Beaconsfield | C13: =COUNTIFS(Detail!$A$2:$A$8524,$A13,Detail!$B$2:$B$8524,$B13,Detail!$C$2:$C$8524,C$1) -> 0 | D13: =COUNTIFS(Detail!$A$2:$A$8524,$A13,Detail!$B$2:$B$8524,$B13,Detail!$C$2:$C$8524,D$1) -> 0 | E13: =COUNTIFS(Detail!$A$2:$A$8524,$A13,Detail!$B$2:$B$8524,$B13,Detail!$C$2:$C$8524,E$1) -> 0 | F13: =COUNTIFS(Detail!$A$2:$A$8524,$A13,Detail!$B$2:$B$8524,$B13,Detail!$C$2:$C$8524,F$1) -> 0 | G13: =COUNTIFS(Detail!$A$2:$A$8524,$A13,Detail!$B$2:$B$8524,$B13,Detail!$C$2:$C$8524,G$1) -> 0 | H13: =COUNTIFS(Detail!$A$2:$A$8524,$A13,Detail!$B$2:$B$8524,$B13,Detail!$C$2:$C$8524,H$1) -> 1 | I13: =COUNTIFS(Detail!$A$2:$A$8524,$A13,Detail!$B$2:$B$8524,$B13,Detail!$C$2:$C$8524,I$1) -> 0 | J13: =COUNTIFS(Detail!$A$2:$A$8524,$A13,Detail!$B$2:$B$8524,$B13,Detail!$C$2:$C$8524,J$1) -> 0 | ... N13: =COUNTIFS(Detail!$A$2:$A$8524,$A13,Detail!$B$2:$B$8524,$B13,Detail!$C$2:$C$8524,N$1) -> 0 | O13: =SUM(C13:N13) -> 1
... A767: 3644 | B767: Barooga | C767: =COUNTIFS(Detail!$A$2:$A$8524,$A767,Detail!$B$2:$B$8524,$B767,Detail!$C$2:$C$8524,C$1) -> 1 | D767: =COUNTIFS(Detail!$A$2:$A$8524,$A767,Detail!$B$2:$B$8524,$B767,Detail!$C$2:$C$8524,D$1) -> 2 | E767: =COUNTIFS(Detail!$A$2:$A$8524,$A767,Detail!$B$2:$B$8524,$B767,Detail!$C$2:$C$8524,E$1) -> 1 | F767: =COUNTIFS(Detail!$A$2:$A$8524,$A767,Detail!$B$2:$B$8524,$B767,Detail!$C$2:$C$8524,F$1) -> 2 | G767: =COUNTIFS(Detail!$A$2:$A$8524,$A767,Detail!$B$2:$B$8524,$B767,Detail!$C$2:$C$8524,G$1) -> 1 | H767: =COUNTIFS(Detail!$A$2:$A$8524,$A767,Detail!$B$2:$B$8524,$B767,Detail!$C$2:$C$8524,H$1) -> 3 | I767: =COUNTIFS(Detail!$A$2:$A$8524,$A767,Detail!$B$2:$B$8524,$B767,Detail!$C$2:$C$8524,I$1) -> 0 | J767: =COUNTIFS(Detail!$A$2:$A$8524,$A767,Detail!$B$2:$B$8524,$B767,Detail!$C$2:$C$8524,J$1) -> 0 | ... N767: =COUNTIFS(Detail!$A$2:$A$8524,$A767,Detail!$B$2:$B$8524,$B767,Detail!$C$2:$C$8524,N$1) -> 0 | O767: =SUM(C767:N767) -> 10
A768: TOTAL | C768: =SUM(C2:C767) -> 1464 | D768: =SUM(D2:D767) -> 1295 | E768: =SUM(E2:E767) -> 1158 | F768: =SUM(F2:F767) -> 1031 | G768: =SUM(G2:G767) -> 908 | H768: =SUM(H2:H767) -> 832 | I768: =SUM(I2:I767) -> 625 | J768: =SUM(J2:J767) -> 401 | ... O768: =SUM(O2:O767) -> 8523

Sheet Notes
A1: Building complexes grouped by postcode, suburb and category
A3: Source file has 76,628 building complexes but contains NO coordinates, address, suburb or postcode, only names and numeric type codes.
A4: 70,560 have a name; 8,523 of those (12%) could be placed in a suburb/postcode and are in this workbook.
A5: The other 62,037 named buildings (mostly unnamed-style rural property / homestead names and facilities that do not start with a town name) are in building_complex_no_location.csv, grouped by category only.
A7: How suburb and postcode were assigned (inferred, not from the source)
A8: - A suburb is assigned when the building name starts with a suburb that appears in your EV, transport or sports datasets (e.g. "BOOROWA COURT HOUSE" -> Boorowa).
A9: - The postcode is that suburb's postcode from those datasets. Suburbs with conflicting postcodes (e.g. Sydney, Newcastle) were excluded.
A10: - Only suburbs present in those datasets (~800) can be matched, so regional coverage is partial and some matches may be wrong (e.g. a school named for a street or park that shares a suburb name). Treat as indicative.
A12: Categories were assigned from keywords in the name (e.g. CHURCH, CATHOLIC -> Religious; SCHOOL, COLLEGE -> Education), falling back to the source type code. The source type codes have no lookup table, so these labels are my interpretation.
A13: Rows with no building name (6,068) were dropped. Latitude/longitude do not exist in the source file. Empty and constant columns were removed.
A14: Count columns are live COUNTIFS formulas against the Detail sheet.

Sheet Detail
A1: Postcode | B1: Suburb | C1: Category | D1: Building complex
A2: 2000 | B2: Haymarket | C2: Culture & tourism | D2: Haymarket Visitor Information Kiosk
A3: 2000 | B3: Haymarket | C3: Government & civic | D3: Haymarket Post Office
A4: 2000 | B4: Haymarket | C4: Utilities & infrastructure | D4: Haymarket Bulk Supply Point
A5: 2000 | B5: The Rocks | C5: Accommodation & caravan parks | D5: The Rocks Village
A6: 2000 | B6: The Rocks | C6: Emergency services | D6: The Rocks Fire Station
A7: 2000 | B7: The Rocks | C7: Emergency services | D7: The Rocks Police Station
A8: 2000 | B8: The Rocks | C8: Shopping & commercial | D8: The Rocks Shopping Fair
A9: 2007 | B9: Ultimo | C9: Clubs & community halls | D9: Ultimo Community Centre
A10: 2007 | B10: Ultimo | C10: Clubs & community halls | D10: Ultimo Lodge
A11: 2007 | B11: Ultimo | C11: Education | D11: Ultimo Public School
A12: 2007 | B12: Ultimo | C12: Education | D12: Ultimo Tafe College
A13: 2007 | B13: Ultimo | C13: Education | D13: Ultimo Tafe College
... A8524: 3644 | B8524: Barooga | C8524: Utilities & infrastructure | D8524: Barooga Water Treatment Station
